0.0,7.817206150079284
0.018449,7.573019165604782
0.040521,7.219916935478105
0.061269,5.544636850047654
0.083612,3.478100681248562
0.106935,2.2335031458365977
0.125781,1.926211728405086
0.147189,1.283065806296514
0.168808,1.4587380918958393
0.19036,0.9711939800597397
0.213641,0.23351706187965318
0.234469,0.6048165231642504
0.254221,0.8304232512818317
0.275754,1.4614511271830224
0.297987,1.9408393038493614
0.32125,5.682127942721339
0.33982,-0.2718779002041365
0.361796,0.22068226996713713
0.382635,-0.09769913608693873
0.404279,-0.028932350345970304
0.42886,0.056070687404175645
0.44727,-0.06679779637188743
0.468698,-0.017042782054665695
0.490139,0.07859740217351946
0.511724,-0.032856256329965555
0.5351,-0.029414683639030992
0.554169,0.09856149325164609
0.576148,-0.11249416358767485
0.596977,0.018497041469354547
0.619251,0.04783462681132675
0.642574,-0.041019605387590474
0.661075,0.4967554788539771
0.683107,-0.2669259860397495
0.703816,0.0487286388871957
0.726185,-0.014838527940412932
0.750078,0.08044047105779006
0.768485,0.038969637986251304
0.789928,-0.08520187463774731
0.811364,-0.06525775901832576
0.83321,0.0893277928478996
0.856311,-0.18060462221513218
0.876147,0.11458890706071057
0.897371,0.0902782676814966
0.91823,-0.07274523321988574
0.940449,-0.09607990083918097
0.963665,0.11880185619738073
0.982276,0.043894032655443255
1.004267,-0.09542044531678706
1.025834,-0.033821665922538546
1.047492,0.07355722171539977
1.071355,0.07061832808740373
1.089896,-0.10620740552193411
1.111034,-0.06138577022398096
1.132672,0.04958181254931868
1.154228,0.12319482411565436
1.178289,-0.10946235174655616
1.197304,-0.038528758859440126
1.218631,0.09849167243854691
1.239536,0.0024964599964891337
1.26182,-0.09035830593168512
1.285117,0.03571153561735993
1.303517,0.056182199862090054
1.326293,-0.03862629288171976
1.347048,0.45624470707570675
1.368772,-0.1585059191027791
1.392644,0.11292427100771235
1.411046,-0.03641787341008171
1.432528,-0.030391291180128288
1.453955,0.014266039728426771
1.476248,-0.011079443545485401
1.499488,0.044958078112240396
1.518619,-0.014182191131883237
1.539933,-0.01976324998272927
1.560764,0.007124958036857532
1.583119,-0.014181921658678043
1.60632,0.05266284504774066
1.625465,-0.019730431506397972
1.647453,-0.04615577492159162
1.668242,0.03164063793493965
1.690038,0.02009836204602289
1.713879,-0.013758988907060066
1.73235,-0.04251141780984813
1.753733,0.026740098140057622
1.775873,-0.01567387287711952
1.797514,0.04380457951521918
1.820772,-0.013126448870322577
1.839837,-0.019716564435733663
1.86115,0.06552453284743665
1.882071,-0.02850667694278783
1.904316,-0.04314731664530427
1.928265,0.04472568938576152
1.946697,-0.02651387132145583
1.968712,-0.024306842109099225
1.989545,0.019104294776491282
2.011222,-0.0028404602534378987
2.035185,0.03189717530279948
2.053515,-0.012215533186603136
2.075635,-0.0355464905894014
2.096924,0.03708348363337041
2.118634,-0.009395171263058472
2.142053,-0.011436860123874348
2.161045,0.002100740115295388
2.182321,-0.019246126582485007
2.203432,0.05761579674473569
2.226308,-0.022098114400552496
2.249541,-0.037803656655778346
2.267966,0.02243520293170702
2.290035,-0.0147183673778181
2.310794,0.042531994212153264
2.332543,-0.010831807764888847
2.356453,-0.04736111011847665
2.375507,0.06703112445577017
2.396874,-0.025815031563147496
2.41834,-0.02786721420431247
2.440039,0.043962910022760676
2.463404,-0.017032104880012514
2.482385,-0.026720061475835277
2.503708,0.024214742071312273
2.525264,-0.01360915980821778
2.547565,-0.007701053908295646
2.57078,0.004214656168348346
2.589284,0.001516092128361235
2.611255,0.007284868427866076
2.6321,-0.005787377837278007
2.653778,1.6947283025434134E-4
2.678373,0.021298031126755934
2.696708,0.01353072044741599
2.71814,0.2631900515374504
2.739699,-0.1403061907741041
2.761293,0.06209939260631628
2.784595,-0.02291310420726273
2.803825,-2.888711614963402E-4
2.825641,-0.0017005702580479842
2.846483,-0.0016222245296415028
2.869354,0.0017975983480056912
2.892078,0.010867989088164498
2.910507,-0.0010083253002476922
2.932561,-0.0014056955766886259
2.95332,9.367215341226087E-4
2.975731,0.003311068770790515
2.99986,0.005952134227377115
3.017994,-0.0025710818858206697
3.039442,-4.486894397215391E-4
3.060869,-0.001251486320076045
3.082544,-0.001313407484361817
3.106048,0.018934183277277694
3.125442,-0.004223915725831251
3.146863,5.184673499513681E-4
3.167724,-0.0018977966297213378
3.189956,0.005337192823117121
3.213378,0.020876302078287168
3.231863,-0.00485219107109075
3.254816,-0.0010045142106466232
3.275132,0.002470113582543565
3.296803,0.005410621635803081
3.320932,-3.346489815818643E-4
3.339385,0.006035750525990369
3.36076,-0.039034981246756806
3.382206,0.024855841890040087
3.403828,-0.00913125698725975
3.42782,0.003329706816843636
3.446818,0.0012288909796774883
3.468168,0.003123633870314335
3.489142,0.021640279036532872
3.511399,-0.0014485919723006002
3.534631,0.001433901241055191
3.553081,5.362634664659582E-4
3.575763,0.0013841121901006226
3.596512,-0.015257838879609409
3.618229,0.007603195888115893
3.642194,-0.008232911013422328
3.660541,0.0019637525482685547
3.681993,-0.0019194681090130006
3.703429,-0.010510753355298552
3.725839,0.020706207787563602
3.749018,-0.006477548358800475
3.768139,-0.0038048579997109755
3.789539,-2.2756704740038713E-4
3.810358,8.595596665106064E-4
3.83268,-0.01175368957472997
3.855861,0.008945960464560337
3.874995,-0.009740388354095242
3.896982,0.0027975731164079226
3.917831,0.0014935805057996882
3.939646,0.004564689531151217
3.96358,0.018843070644409737
3.981812,-2.678535850193786E-4
4.003277,-0.0038828913345306665
4.025362,0.00155187197197508
4.047005,9.103108432495371E-4
4.07028,-0.006894000217759613
4.089401,0.0036287827276110657
4.110679,-0.008228959896932467
4.1316,-1.0033914852591863E-4
4.153727,1.3328784439668728E-4
4.177985,-0.015264784628648415
4.196068,0.01171231732206518
4.218288,-0.007573494720635329
4.239011,-0.001535877170655911
4.260644,-0.0023947323988168373
4.285796,-0.009818233958502745
4.304631,0.023446915967294563
4.325483,-0.00289828607793452
4.348265,-7.124590260763897E-4
4.369435,-0.001283608078311016
4.392599,-7.633156360392634E-5
4.411853,0.023368851560828977
4.433695,0.0015386057174803167
4.454529,-0.004539880158192233
4.476015,4.1323217297367654E-4
4.500798,0.0034187122600294675
4.518071,0.010546450273823157
4.541029,-0.0011447199089703458
4.560812,-0.004616212116332074
4.611523,2.3509462713788495E-4
4.612486,-9.532691401017666E-4
4.623826,-0.00212930672099231
4.646133,-5.846811323146528E-4
4.664869,-0.006960793151958155
4.686371,4.0843470648463127E-4
4.709157,-0.011281623477395107
4.728631,-0.007339069138302276
4.74957,0.01798772638191506
4.770573,-0.004015436434663618
4.792949,0.0015493096057336217
4.817169,-0.0027065858145694996
4.834577,-0.006008505841575716
4.856752,-0.013352140223782671
4.878364,0.012414288235377782
5.454946,-0.006920317485832869
5.478006,0.001305461263113955
5.496441,-3.786648739404694E-4
5.51705,3.670233752489857E-4
5.538913,-0.0014358395520843031
5.560528,0.0014772144084344435
5.584046,-0.008207596698914361
5.60332,0.001313679967712221
5.624827,0.005376690076472859
5.64593,-0.00254704726071886
5.668158,0.012547171551481273
5.69182,-0.006613033958917325
5.711231,-0.004585463075426691
5.732156,-0.00353003093116884
5.752521,0.003159500949822369
5.776776,-0.01704176195146899
5.799138,0.007930256468384925
5.819151,-0.006573660119587141
5.839589,-0.0020102290964225944
5.860743,-0.004881563451473919
5.88195,8.012673516429869E-4
5.905231,-0.0014459794973734064
5.925219,-0.00391839488644502
5.945891,9.59479317625106E-4
5.967155,-0.002049757368277755
5.989525,0.007482738155821733
6.012645,0.16394770354042748
6.031473,-0.1443818099384495
6.053007,0.05711642986395529
6.074683,-0.017377115010635085
6.096408,7.496096602022106E-5
6.120261,-0.0057840526707158
6.138818,0.00407839257693543
6.159812,-0.0026224456423528664
6.18164,0.0020771310513334473
6.203104,-0.0026614947797858335
6.227224,0.0010951736524302258
6.246462,-0.0045858690190273
6.267129,0.001007315541800502
6.288486,0.0031797099253069727
6.31074,6.288864944930528E-4
6.333892,-3.0240345928300716E-4
6.352712,0.004900629917717059
6.374843,-0.0061351853135089285
6.395767,7.55699178758007E-4
6.417442,-4.7851935720077954E-4
6.441585,-6.838736772603049E-4
6.460117,-0.0011871582312994455
6.481073,8.503292386038419E-4
6.502872,-2.5801548733322965E-4
6.525075,3.294859073704193E-4
6.548415,0.0016775939027761644
6.567779,0.005326936678871741
6.588484,-0.006152894179195623
6.609698,0.004550303042533288
6.632122,-0.0012908384945087281
6.655156,7.704639185024398E-4
6.675199,0.0011104268952842333
6.695984,0.0012609049158238683
6.71695,-7.863981961914179E-4
6.73894,0.0030933962384898095
6.764124,0.0055991052503519545
6.781305,-0.006086047446847542
6.803067,0.002377921698814678
6.824874,-9.430609456129169E-7
6.846304,-0.0010383655234865174
6.870897,0.0018461674959643348
6.890058,6.503223923948198E-5
6.91008,-0.002301937354132255
6.931318,0.002381840919938094
6.954916,-0.0029312033827428863
6.980903,0.004402377329022822
6.998869,0.002103318747503913
7.019731,-4.563436480208849E-4
7.038386,-0.002065879637890844
7.061298,-0.0010202808975816602
7.084232,-2.2481932002749172E-4
7.104091,-5.6461589239831245E-5
7.12433,-0.004114391782977789
7.146008,-8.00894188747181E-4
7.16759,0.0011262743455606739
7.191072,-0.004038994966981457
7.2103,0.009920470372678847
7.231042,-0.0011928367664519324
7.252293,0.010386704182793471
7.275279,-0.006662686218665614
7.298328,0.010191635647402553
7.317202,0.004626482807860155
7.338706,-0.008060744143201987
7.359613,0.0034333993532997265
7.381328,-0.002902630072532164
7.405391,0.0020402228133878098
7.424605,1.818903705146646E-4
7.445541,5.9231661353773E-4
7.467341,0.0012152429432921996
7.488934,-0.0027290330321192713
7.512258,-0.0019175526598393389
7.532215,-0.002286840273785923
7.552289,0.008834834333407288
7.57422,-0.005841299007347922
7.5966,0.0019642068106730526
7.619637,0.0012073045613537614
7.638504,-9.504416070100496E-4
7.659843,0.00194699147942759
7.680975,-0.0015541168867653499
7.702818,5.094381235708767E-4
7.727325,-5.504958554651829E-4
7.745858,-0.0032639638583164265
7.766826,0.0035275524214111453
7.788673,-0.007114556629363472
7.810213,8.965918779510196E-4
7.83358,-0.003113374045639869
7.855333,0.0025536541907925786
7.874265,-0.0020130201182609886
7.895451,6.813578817710247E-4
7.917854,-7.856981236184363E-4
7.940965,-1.0292789487587051E-4
7.959727,1.6557277585102503E-4
7.98123,-0.0023059831325874802
8.002164,0.011837233254182955
8.024826,-0.004866478403090693
8.048583,0.004023031968979615
8.067115,1.4820713774016392E-4
8.088181,-0.001672505461208812
8.109876,-7.008382034489335E-4
8.131459,3.530454856147114E-4
8.154888,-0.001337181928806025
8.17482,4.909099217945828E-4
8.19552,-0.0025761719987211357
8.216733,-0.004619438213697674
8.239354,-2.9707983468087173E-4
8.262202,-4.304048073442007E-4
8.281055,-0.004646673125845102
8.302537,0.0019235871146830313
8.324149,9.872297329659163E-4
8.345696,4.20239087440169E-4
8.369879,-0.001093625332909215
8.38849,0.001748388494048625
8.409418,6.906926963594767E-4
8.431189,0.0024297423557377573
8.452436,-0.002478068902732819
8.476795,-0.0015184711745566404
8.496108,0.005663917627495421
8.516767,-0.0015277591722285683
8.538068,-0.0027298196912503014
8.559952,2.448871928127233E-4
8.583538,-2.7245762955009634E-4
8.60231,7.257691960749213E-7
8.62446,0.0025775882542910036
8.645428,-0.0022514410773191995
8.667004,7.551198479740645E-4
8.691173,-7.498358847732728E-4
8.709703,0.003875900291561603
8.730704,-0.006245996106536429
8.752409,0.002609242553109091
8.774417,-8.400198904748718E-4
8.798182,0.003403234478494367
8.817325,3.347495688816454E-5
8.837899,-0.0017607646774607105
8.859374,-4.645423095681542E-4
8.881437,0.0017120402603753304
8.904671,-0.0021255424032985415
8.924319,-0.0032185904708624535
8.945689,0.006492362101096376
8.966519,-0.0026844905445834316
8.988405,3.739639992428878E-4
9.014026,7.58637787515698E-4
9.031257,6.004846470598624E-4
9.051968,-0.0011416061030653374
9.074452,7.705504723745579E-4
9.095735,6.504938406150448E-4
9.119329,-6.374183025659452E-4
9.138682,-0.0027472925618590716
9.159308,0.006345107407558732
9.18062,-0.006772679746102371
9.202719,0.003227450146774967
9.226784,-0.002780906969121172
9.245507,0.004097668715237195
9.267003,-9.481975169724904E-4
9.287997,-1.3721939417357665E-4
9.309561,-5.121509145660508E-4
9.333777,0.003088859961973639
9.352228,-0.0030017150319596175
9.373894,0.0031417615104739963
9.395642,0.0014713139073017287
9.416932,4.560650236859684E-4
9.4406,-0.002706981461458542
9.459875,-8.065011336796102E-4
9.480711,-3.0480362899876212E-5
9.501922,-7.53861550503554E-4
9.524721,-8.207154610056014E-4
9.548005,-0.002120246836518014
9.566872,0.0010603949106300081
9.5883,-0.008469483338848404
9.609266,0.008489360462971683
9.63091,-0.008076331933194715
9.654983,0.00424513567702973
9.674228,-0.001297613381695038
9.695152,6.610478576899049E-4
9.716895,8.702523588714102E-4
9.738264,-3.9815654063953335E-4
9.761991,-0.002151936316784236
9.78122,0.003248001128648998
9.80186,5.124571107778982E-4
9.82385,0.005390601946040931
9.845895,-0.002946541712325095
9.869213,0.0031673192473789225
9.888222,-0.0017088025148177968
9.90942,0.0019169084563276254
9.930489,6.947365361167934E-5
9.952036,-0.0020944303762783388
9.97682,0.0025612063789493995
9.995274,-0.002686010110972678
10.017026,-2.7022977596966036E-4
10.038013,-2.6389345236964984E-4
10.059373,0.00603684528317569
10.083457,-0.0067302396847253275
10.102253,0.003527001653310175
10.123808,-8.661572898292468E-4
10.14668,-1.2882043844578833E-4
10.16861,0.0015824772355984562
10.194225,4.694564297298559E-4
10.211,0.0025908392298906735
10.231038,0.0021997378811640586
10.25213,-0.003417800228029143
10.275767,-6.244393744234411E-4
10.299627,0.002691293672704098
10.31679,0.0028921726978646464
10.337795,-0.0038629641119231964
10.35959,-2.2096403433582643E-4
10.380835,-4.457846404328572E-4
10.404422,4.0625094704607387E-4
10.424368,7.158916565950663E-4
10.445086,-8.567393234596293E-4
10.466339,3.293168012099973E-4
10.488483,5.691032609652993E-4
10.511807,0.0014887531478029736
10.530664,-0.0010858856857752994
10.552074,0.006289974817002497
10.573764,-0.0011680281980390797
10.595326,0.0038309640462280484
10.619433,-0.0020414334480086255
10.638038,0.00107979513260658
10.658974,0.001061278692658249
10.680758,9.834065435238362E-4
10.702062,-7.212752996849925E-4
10.726417,-0.002594776230242235
10.745747,-0.0026373238021151907
10.766409,-0.0026503971749987643
10.787768,0.002347555000343206
10.809811,-0.0017060148506084852
10.833172,9.14787637862971E-5
10.851927,-0.0016289455524312185
10.874066,-0.0032466829313431353
10.894984,-0.001023779932983089
10.916685,-1.675005505111099E-4
10.940788,0.0023541211756300667
10.959257,-0.002862328165928976
10.980238,0.003023548773872037
11.002044,-0.003839839109108553
11.024027,-0.0018971153118125111
11.047594,0.003918466239123897
11.066976,-0.003747766959236329
11.087543,0.005780000573234495
11.108786,0.0012862801673266394
11.13108,0.0024980395216703255
11.154336,-0.0035666313640836667
11.173739,5.6695558156683035E-5
11.195332,-0.003922550689447121
11.216292,0.002474184193678078
11.237974,-3.330968839860421E-4
11.262063,-0.01056077629862516
11.28061,0.005419507369749499
11.301541,-0.006060648171081623
11.323971,-0.003488035038599485
11.345306,-0.007011453702967796
11.368956,0.005286058653448805
11.388252,-0.0032197717107454726
11.408934,2.514473469972245E-5
11.430233,0.00140667294128477
11.452286,-0.0034042104379108096
11.476339,0.0018523811517655586
11.495108,0.07701208274471519
11.516573,-0.17807377513053796
11.537601,0.05854954267016628
11.559183,-0.01788857389983886
11.583353,-0.005309007219065243
11.601804,0.004995054462036103
11.623521,0.004182003044283761
11.645765,0.0036807930704453873
11.666525,0.0010355428691216084
11.690229,-0.0066449034739992086
11.7095,-0.0016331255946453738
11.730197,0.004353134198497838
11.751467,-0.00266129051122424
11.774267,3.5054347373247863E-4
11.797339,0.0014455952471043587
11.816419,6.120929559498278E-4
11.837912,-0.0019241806985396959
11.858825,-0.002892092357804854
11.880539,-0.001657495154602312
11.904608,0.0015440854277703198
11.923799,0.0013642728044478691
11.94473,0.003126773854522147
11.96653,0.0014909402264276506
11.987882,-0.004078535295224783
12.011448,-0.001809193873427123
12.030854,-0.0032548747226254504
12.051468,0.0037703175637924247
12.073408,0.00291347200147693
12.095705,0.0029281535749247356
12.118748,0.0010882465886074277
12.137628,4.749603563233007E-4
12.160685,0.0060877988751493195
12.180068,2.756239720300424E-4
12.201685,-3.7791980371257305E-4
12.228325,-0.001200736445395062
12.244877,-6.530016560141738E-4
12.265875,2.2746186845468142E-4
12.289583,-0.001686975790207268
12.310248,0.0016072841657737702
12.334052,-0.0018446507830141845
12.352357,8.26430936264777E-4
12.374495,7.986519941981796E-4
12.395007,7.99823446415604E-4
12.418428,1.594775019980732E-4
12.444371,-0.002003580819865819
12.460389,-2.4612025743822596E-4
12.481562,-4.498524269027637E-4
12.501434,9.022955739999838E-4
12.523895,0.001258864395278364
12.547756,-0.0010127806259712102
12.566264,-0.0010314450715525614
12.587335,0.00855005163116615
12.609025,0.003401230342143763
12.630402,5.393471948948181E-4
12.654011,-0.0015290439075847373
12.673981,-0.0017433413057034997
12.694617,6.86300084710989E-5
12.715925,5.48967644024484E-4
12.738088,0.0011316446422415805
12.761325,6.685265806234131E-4
12.780311,-8.306678707013238E-4
12.801515,4.243501361071711E-4
12.823081,8.714012891009593E-4
12.844824,5.353217957309586E-4
12.868853,-4.423062262787214E-5
12.887597,-0.00218464431080978
12.908522,-3.900413657732249E-4
12.93035,-0.0018944718965693552
12.951663,0.002013917523111669
12.975921,-0.00332154153028405
12.99522,-0.005962829699536515
13.015895,-0.0019730857452615325
13.037198,0.0039293387709342376
13.059324,0.0025271103397067063
13.082858,0.0016244165485938267
13.10142,-0.001337123855815081
13.123457,-2.3567546348471358E-4
13.144548,5.611043260375648E-5
13.166166,4.924681309501078E-5
13.190165,0.001474845788101059
13.208857,-0.0016517289239796618
13.229631,-6.518772552686902E-4
13.251548,0.0011052375519139956
13.27584,0.0017834120982832824
13.297153,0.001323965624915796
13.317038,1.9263440053665648E-4
13.337222,-9.724909665714543E-4
13.358419,-0.0027745485834696493
13.380607,-0.004664505547507053
13.403905,-8.322582035293624E-4
13.42342,-0.006227317473190885
13.444899,-0.005535075197198341
13.465798,-0.0016256936537833722
13.487568,0.004681803972591936
13.511598,0.002435727316608627
13.530125,0.0013174030934448577
13.551106,-0.0014839438378688175
13.573528,-6.510892009976288E-4
13.594822,-8.591278460190477E-4
13.618472,-4.313083420432462E-4
13.637804,3.325042498735775E-4
13.658429,2.060677793618848E-4
13.679771,0.001046862084734257
13.701864,6.981286887066396E-4
13.725833,5.750658196179148E-4
13.744422,6.263002398338713E-4
13.766164,4.8224762846624247E-4
13.787123,-6.458665147972553E-4
13.808723,-0.0023111415757093023
13.832983,-0.002659755001476638
13.851352,-0.0011769427384893394
13.87305,-0.006528400857487349
13.894771,-0.0029335390647944326
13.916115,0.008930928267552568
13.939736,0.0019378174898978806
13.959042,0.006660245669361492
13.97976,0.003857235389235242
14.000966,-9.321431123276713E-4
14.023785,0.003002449833447912
14.047103,-0.003492491919424412
14.065746,-0.002943080267686915
14.087281,0.013909787374728533
14.113263,0.004976725186334796
14.129955,0.004926045564505016
14.154028,-0.005075774648581333
14.173162,-0.0040583345008529115
14.194083,-0.0029968530581319652
14.217821,-6.887027056123873E-4
14.239085,0.004256831291761298
14.261312,0.0012664226768146492
14.280834,0.0032415084154610863
14.301321,-0.002266755374924795
14.323674,-7.984989659802488E-4
14.34668,-0.0010527831705758328
14.372039,-4.604424514889627E-4
14.388867,0.0022284458100615134
14.410299,-6.97223994492735E-5
14.430136,-1.9125358354479816E-4
14.451242,-7.146842746879045E-4
14.476135,1.4319357582454062E-4
14.49455,-2.1110821067404917E-4
14.515842,-4.3762118973511566E-4
14.537334,0.012201522578568769
14.558701,0.009863726905538356
14.582348,0.008153066569115686
14.601586,-0.007418376034375063
14.623084,-0.006256208440821143
14.644358,-0.005648900496994472
14.666406,-0.001427432953735333
14.689656,0.007073845509047397
14.708456,0.0029313463891285363
14.729995,0.004222281702674552
14.750897,-0.0027932789084224446
14.773354,-0.0018703728416710336
14.797303,-0.0015711412041308631
14.815813,-2.7380744109177513E-4
14.836829,4.6348051968446435E-4
14.858588,2.497237487636139E-4
14.879998,-2.535218325681876E-5
14.903505,1.5599474026899152E-4
14.92351,2.178663077674059E-4
14.944167,7.960629168146383E-4
14.965416,4.506089237088784E-4
14.987439,0.006052095468939422
15.010903,0.011264044694782566
15.029752,0.005900872313678918
15.051168,-0.0063803811543593075
15.072955,-0.00419348510217854
15.094463,-0.003515828797547277
15.118521,-9.88280516929757E-4
15.137136,0.0035243121533708455
15.158064,0.0019804642656383736
15.179851,0.0030149412504221207
15.201193,-0.0017142509404114853
15.225465,-7.358966223664498E-4
15.244769,-5.982015002084784E-4
15.265811,-5.699048853885502E-5
15.286785,-7.20908743109816E-4
15.308865,4.87186927393371E-4
15.332163,5.328582527158732E-5
15.350885,-3.0197628794131903E-4
15.373189,3.788267643295984E-4
15.394046,0.0014573676962865156
15.415643,6.903271946307465E-4
15.439637,-0.0022051326985026015
15.458319,0.009574175153857944
15.479387,0.009306485043070786
15.501086,-0.00726795758338096
15.523167,-0.004164425873082647
15.546721,-0.004843226750753625
15.566024,-0.0016256446619028683
15.586679,0.0036773168578078316
15.607907,0.0010073264888159489
15.630187,-1.7438735454707033E-4
15.653839,-3.346515531225669E-4
15.673154,-5.924518118941707E-5
15.694352,-7.664249179877014E-5
15.71541,-1.29096977844384E-4
15.737039,-0.0016672557507608488
15.761739,-0.0010507753713816792
15.779676,-0.0020703222400393767
15.800609,0.001850364465267415
15.823062,0.0017307443245250034
15.844442,0.0025650316534883977
15.867981,0.0010389188812470196
15.887318,-0.0037114189390044378
15.908,-0.0025446621333827385
15.929299,0.0067941427856509085
15.951396,-0.006912066610692831
15.975396,-0.004976032952616866
15.99417,-0.003757597350163004
16.015632,-0.0011298712831005128
16.03667,0.003598834698797057
16.058298,0.002302080229954047
16.082386,-0.001788537341369599
16.100898,1.366965142171328E-4
16.12259,-4.310144456288953E-4
16.144272,1.568822369438158E-4
16.165654,1.2724695540288627E-4
16.189294,-0.002890012668825069
16.20856,-0.001488202872518593
16.229268,-0.0024051070327320914
16.250547,0.0021392236517754695
16.275804,0.001744606568769319
16.296483,0.002452173926041093
16.315455,9.874645426933976E-4
16.336934,-0.0011949656362157113
16.35785,-0.002588408033776135
16.379427,-0.0019560247692963495
16.403644,-5.858604479818535E-4
16.422911,-0.0058499907965916045
16.443791,-0.006613343625724147
16.465591,-0.0020231450752847963
16.487005,0.0044392642889970885
16.510513,0.005803988266766376
16.52991,0.0010088746079117694
16.550535,-0.0016243627656936377
16.572467,-9.905093205963902E-4
16.594628,-8.918713804882961E-4
16.617899,-2.91755783952366E-4
16.636757,0.0013900906200605898
16.658098,-2.825903513912764E-4
16.679229,2.7893494049398976E-4
16.700858,-8.666631459104332E-4
16.725631,-1.3938471107410172E-4
16.744313,9.203041169241963E-4
16.765145,4.32860705859274E-4
16.786983,-0.0011205307226620637
16.808295,-0.0016976974712499537
16.831882,-0.001621438327895991
16.851129,3.8088375228090277E-5
16.872532,-0.0042497532390776555
16.893746,-0.005961455044412846
16.915915,-0.0020985306886878233
16.939244,0.0043470818542403755
16.958015,0.0029684859259906313
16.979521,0.001598292532972924
17.000438,-8.936644911817365E-4
17.02289,1.438721347076996E-4
17.046849,-0.0010032424560273492
17.065361,-6.677936714816549E-4
17.086428,-1.4846365079524554E-4
17.108123,3.8513701064744194E-4
17.129557,-0.002860603094989006
17.153134,0.0013514425980732728
17.173106,0.0011744694259433405
17.193807,0.0018647954413595971
17.215047,6.281947030507204E-4
17.23885,-0.003322401324122662
17.260499,-0.0018062677336862995
17.279356,-0.003311268893741927
17.300697,0.0015994752332037648
17.322322,-0.0032919625108564984
17.344057,-0.004864175545716491
17.368306,-0.0016378838921470643
17.386701,0.0012678334136993832
17.407645,0.0017917298005193996
17.429478,-6.791423581956196E-4
17.450816,5.787581956557472E-4
17.475042,3.888829859711451E-4
17.494382,6.141958624437185E-4
17.515019,3.176223652608598E-4
17.536319,-0.0023092997322840883
17.558335,-0.0011318005569808179
17.581801,-0.0014700093397102126
17.600567,0.0018551525697624097
17.622715,0.002443254019109331
17.643676,0.0021586156154414365
17.665357,5.412627559979871E-4
17.689429,-0.005043969748784204
17.707983,-1.688234994873597E-4
17.728964,-0.005571392410397405
17.750736,0.0012366172381282209
17.772818,-0.004929302742143933
17.79634,-0.005584003177099811
17.815615,-0.0017188617316152704
17.836213,0.002294686908535938
17.857605,0.0029204113273781987
17.879788,0.00298484592259559
17.90313,-7.993724696372662E-4
17.922571,9.101683722667897E-4
17.943977,-5.562370068508474E-4
17.964928,-5.05416144071548E-4
17.986711,-0.0017211263270406965
18.010684,0.002036854668814446
18.02925,-0.002805401161015242
18.050222,0.0019552809526154763
18.072657,0.0017726679679390886
18.09403,0.0019906818402524867
18.117576,6.595059567396644E-4
18.136924,-0.002331750469554174
18.157558,-0.0039015376547743355
18.178869,-0.0019032850204431587
18.201081,-0.0019032578542694453
18.225006,-0.006443988278285365
18.243674,-0.005679773558012649
18.265288,-0.0015500709415814384
18.286284,0.005847430499213359
18.307835,0.005290334305566156
18.332068,0.0019725784783773403
18.350498,-0.0018774416803292344
18.372158,-8.433153193653439E-4
18.393923,-0.001360890195540393
18.415282,-6.08870608823267E-4
18.438891,0.002407452824144108
18.458155,-5.577693210916182E-4
18.478924,8.554495904761483E-4
18.500136,-3.2264293660981547E-4
18.523147,-3.164860612165678E-4
18.54627,5.927458958298742E-4
18.565105,5.293104781444735E-4
18.58665,-2.914923570182769E-4
18.607533,-7.307860192154389E-4
18.629258,-0.0016647727536557924
18.653359,-0.004104165097395179
18.672504,-0.007721405231846421
18.693432,-0.004661610126031569
18.715175,-8.249568222170583E-4
18.736474,0.00525625683619119
18.760177,0.004176845138630298
18.779497,1.4834407382064568E-4
18.800142,-8.048595076231881E-4
18.822147,-8.08077363810035E-4
18.844249,-6.974372589530166E-4
18.867521,-1.8779158235085556E-4
18.886419,5.721129419232586E-4
18.907884,-0.001070216879760038
18.928916,-0.0016051864542039893
18.950532,0.0013524763485089578
18.975232,0.002084053075020787
18.993693,0.0022835805123391124
19.014521,6.162711397749848E-4
19.036505,-0.0032429277167700336
19.057849,-0.0018656975926569057
19.081427,0.0034043711959442727
19.100766,-0.005302167288074229
19.122104,-0.005333508493078382
19.143318,-0.0033151666502542684
19.165521,-6.996731642346281E-4
19.188816,0.005018757351420596
19.207594,0.0014975268841395158
19.229138,-3.6332480477054376E-4
19.250074,3.377040439100175E-4
19.272446,-7.052147033916967E-5
19.296481,3.1416185260380513E-4
19.315789,2.957367670054976E-4
19.335916,-0.0017369430027135422
19.35774,-0.0013858851263597372
19.379231,-0.003926372153381372
19.402565,0.003957271986845322
19.422668,0.005344841613238189
19.443383,0.005520953539458121
19.464622,0.0015788104653478453
19.486845,-0.006326945487932539
19.51009,-0.0033920914780992927
19.528943,-0.003704986427381384
19.550356,0.0010253059848688816
19.572038,-0.004076771539723363
19.593696,-0.004280841036025013
19.617707,-0.0011536222689008911
19.636303,0.0023176051825998904
19.65728,0.004052161932948167
19.679045,-9.111150827781009E-4
19.700431,4.088407024014397E-4
19.724685,8.952176324657935E-4
19.744016,9.14404563790985E-4
19.76446,2.514263391275428E-4
19.785973,-7.371644087150984E-4
19.80794,-0.0011682939073197306
19.831181,-0.003274718056284591
19.850277,0.0027527944169444957
19.872991,0.001125561134698489
19.893268,0.0017650082807419178
19.91488,8.844075858847368E-4
19.939121,-0.004270765099845791
19.957557,-0.0040420960708540225
19.978571,2.554018951063941E-4
20.000602,0.0025038081657078916
20.022471,0.003541201599748422
20.045938,1.1780489678641856E-4
20.065267,-9.003328594534461E-4
20.08598,0.006721990828273173
20.107194,6.685421961286631E-4
20.129473,0.002815030500683602
20.15265,-0.0024691803944817473
20.17215,-8.995903606823438E-4
20.193449,-1.4487835094164833E-4
20.214585,2.1414340689005634E-5
20.236311,-7.143718094687508E-4
20.26032,4.5356300474216904E-4
20.278916,-0.0014386229162413194
20.299841,8.336865938686419E-4
20.322275,8.774832034463241E-4
20.344237,0.001473171101133295
20.367221,5.77172107546594E-4
20.386568,-0.0031943695497200844
20.407121,2.995789224352896E-4
20.428542,-0.0038763814003963427
20.450672,0.0028502278418331625
20.474637,0.0013347465315637248
20.493415,0.0016887095945358407
20.514873,7.287936936621539E-4
20.535883,-0.002267723581120276
20.557655,0.005424505717059304
20.581644,0.003420454102423899
20.600124,-0.0029242674700325315
20.621859,-0.0010206859373851178
20.643568,-0.0020309675154951586
20.664989,-0.0010064984417790142
20.688564,-4.4594234267021984E-4
20.707858,-0.0010130362437854035
20.728544,-2.3692396489041062E-4
20.749595,2.960525857571769E-4
20.772696,6.711700374472732E-4
20.795868,0.0020075828042900937
20.814689,9.908447253980657E-4
20.836243,-0.004273016563965327
20.857155,-8.092866558670614E-4
20.878898,-0.001478193829130628
20.903028,0.0026764725049930396
20.922104,0.0027488197705254278
20.943072,0.0029925915991602173
20.964836,0.0011763297916305218
20.986311,-0.0028422015955738497
21.009799,-0.003900577921453624
21.029151,0.0048581177424916674
21.049837,-0.003334758091897136
21.071851,-0.0011169926719521023
21.093796,-3.8177189150238183E-4
21.117224,-6.471000401992583E-5
21.13604,-5.552664022654002E-4
21.157454,-0.001448341472024925
21.178506,-1.6348755307717816E-4
21.200213,0.002118825304474714
21.224856,0.0021666884503990028
21.243376,0.0019462314822091542
21.264379,7.77870398609673E-4
21.286141,-0.002489503063856771
21.307529,-0.004727419860174706
21.331111,-0.0014421804515629064
21.350277,0.00204146797348409
21.371771,0.0026528133413068963
21.393052,0.002531056900208571
21.41509,6.459776640333689E-4
21.438448,-0.004737018444856862
21.457292,-0.003112330979634391
21.478788,-0.005274476738504591
21.499694,0.0029463167689330397
21.522186,-0.002189812414845317
21.546098,-0.002919980377922661
21.564613,-8.38327656910394E-4
21.585736,-7.337746864502573E-4
21.607435,3.1960009018285745E-4
21.62888,0.001632905128278822
21.652513,0.0012608678558462746
21.672362,0.0015892175743884296
21.693018,0.0013116716011994031
21.714265,6.998753347385658E-4
21.736567,-0.0015050776096916935
21.759719,-0.0038361736488109893
21.778608,2.974020281010792E-4
21.80004,0.0017559471715094116
21.821682,0.0031052041197665303
21.843416,0.0038491024361028414
21.867403,0.0014629887222263604
21.885958,-0.003742264054219596
21.906893,-0.003913638551730811
21.928497,-0.005822090016371462
21.950179,0.004639902548735586
21.974291,0.005464231317211757
21.993566,0.0024816350932891917
22.014286,-5.426051222592043E-4
22.035586,-7.370758642189917E-4
22.057786,-0.0029379234883673833
22.081079,-0.0054716030161294504
22.099817,0.005037443143940071
22.121958,0.0020711568326078483
22.142996,0.0038891189678919025
22.164645,0.0020816350232314706
22.188682,2.863735372103382E-4
22.207196,-9.095518572699163E-4
22.22828,-0.0032715198946862145
22.249971,0.0016320385709760604
22.272119,4.7640449934384377E-4
22.295586,4.5410004034732165E-4
22.31488,4.1612101739141316E-5
22.335578,-0.0010242697981815707
22.35676,-0.0030415409175221786
22.379136,-0.0015308366525087075
22.402245,0.0021623647167952065
22.421808,0.0018930660391799359
22.443222,0.0021350115185218704
22.464176,8.017049266398207E-4
